{
	"name": "Phra.in",
	"version": "2.0.4",
	"download_url": "http://example.com/updates/example-plugin.zip",

	"homepage": "http://example.com/",
	"requires": "5.0.0",
	"tested": "5.0.2",
	"last_updated": "2019-01-08 00:00:00",
	"upgrade_notice": "",

	"author": "Phacharaphon Pinitsunthonsan",
	"author_homepage": "https://fb.com/caminkunick",

	"sections": {
		"description": "This plugin for syncronize with Website 'Phra.in'",
		"installation": "(Recommended) Installation instructions.",
		"changelog": "(Recommended) Changelog. <p>This section will be displayed by default when the user clicks 'View version x.y.z details'.</p>",
		"custom_section": "This is a custom section labeled 'Custom Section'."
	},
	
	"icons" : {
		"1x" : "http://w-shadow.com/files/external-update-example/assets/icon-128x128.png",
		"2x" : "http://w-shadow.com/files/external-update-example/assets/icon-256x256.png"
    },

	"banners": {
		"low": "http://w-shadow.com/files/external-update-example/assets/banner-772x250.png",
		"high": "http://w-shadow.com/files/external-update-example/assets/banner-1544x500.png"
	},

	"rating": 90,
	"num_ratings": 123,

	"downloaded": 1234,
	"active_installs": 12345
}